0.0,100.0,100.0,100.0,19403,20512,17228
0.08333409996703267,100.0,100.0,100.0,19406,20496,17221
0.1666666999226436,100.0,100.0,100.0,19399,20507,17232
0.25000150001142174,100.0,100.0,100.0,19406,20519,17248
0.3333333999617025,100.0,100.0,100.0,19408,20547,17287
0.41666779993101954,100.0,100.0,100.0,19415,20574,17324
0.5000005000038072,90.0,90.0,90.0,19400,20559,17350
0.583333499962464,90.0,90.0,90.0,19412,20586,17365
0.6666666999226436,90.0,90.0,90.0,19397,20586,17365
0.7501472999574617,90.0,90.0,90.0,19406,20573,17350
0.8333335999632254,90.0,90.0,90.0,19402,20572,17379
0.9166666999226436,90.0,90.0,90.0,19407,20576,17364
1.000000900006853,90.0,120.0,90.0,19397,20579,17370
1.0833333999617025,90.0,120.0,90.0,19406,20578,17362
1.1666666999226436,90.0,120.0,90.0,19402,20586,17361
1.2500001000007614,90.0,120.0,90.0,19410,20627,17346
1.3333333999617025,90.0,120.0,90.0,19407,20712,17348
1.4166666999226436,90.0,120.0,90.0,19412,20830,17341
1.5,90.0,60.0,90.0,19410,20924,17342
1.5833336999639869,90.0,60.0,90.0,19413,20984,17355
1.666666999924928,90.0,60.0,90.0,19412,20934,17371
1.7500001000007614,90.0,60.0,90.0,19412,20837,17364
1.833333499962464,90.0,60.0,90.0,19417,20758,17366
1.9166668999241665,90.0,60.0,90.0,19405,20683,17356
2.0000012000091374,90.0,60.0,90.0,19403,20597,17367
2.083333699963987,90.0,60.0,90.0,19402,20519,17367
2.166666799923405,90.0,60.0,90.0,19401,20428,17375
2.251745199901052,90.0,60.0,90.0,19403,20382,17375
2.3333335999632254,90.0,60.0,90.0,19402,20301,17382
2.4166681999340653,90.0,60.0,90.0,19404,20286,17380
2.5000003000022843,90.0,120.0,90.0,19414,20250,17374
2.5833333999617025,90.0,120.0,90.0,19395,20235,17340
2.666666799923405,90.0,120.0,90.0,19402,20248,17319
2.7500001000007614,90.0,120.0,90.0,19395,20293,17336
2.8333335999632254,90.0,120.0,90.0,19414,20333,17350
2.920951999956742,90.0,120.0,90.0,19393,20385,17338
3.000002099899575,90.0,120.0,90.0,19411,20465,17330
3.0833337999647483,90.0,120.0,90.0,19402,20552,17329
3.166666799923405,90.0,120.0,90.0,19414,20632,17319
3.25,90.0,120.0,90.0,19409,20743,17329
3.3333333999617025,90.0,120.0,90.0,19416,20795,17324
3.4166668999241665,90.0,120.0,90.0,19406,20893,17322
3.500000200001523,90.0,60.0,90.0,19406,20985,17321
3.5833335999632254,90.0,60.0,90.0,19400,21050,17354
3.666667499928735,90.0,60.0,90.0,19407,21010,17367
3.75,90.0,60.0,90.0,19397,20908,17356
3.8333342999685556,90.0,60.0,90.0,19406,20810,17340
3.916666799923405,90.0,60.0,90.0,19395,20715,17351
4.000000500003807,90.0,60.0,90.0,19407,20630,17350
4.083333699963987,90.0,60.0,90.0,19402,20544,17360
4.166666699922644,90.0,60.0,90.0,19404,20462,17354
4.25000070000533,90.0,60.0,90.0,19393,20381,17365
4.334355599945411,90.0,60.0,90.0,19405,20327,17361
4.416667699930258,90.0,60.0,90.0,19400,20255,17373
4.5,90.0,120.0,90.0,19412,20253,17367
4.5833333999617025,90.0,120.0,90.0,19400,20224,17326
4.666666999924928,90.0,120.0,90.0,19404,20248,17298
4.750000200001523,90.0,120.0,90.0,19405,20285,17326
4.8333333999617025,90.0,120.0,90.0,19411,20346,17333
4.916666999924928,90.0,120.0,90.0,19417,20395,17329
5.000000200001523,90.0,120.0,90.0,19406,20474,17317
5.083333499962464,90.0,120.0,90.0,19409,20554,17315
5.166667999932542,90.0,120.0,90.0,19411,20661,17308
5.2500010000076145,90.0,120.0,90.0,19421,20743,17312
5.3333333999617025,90.0,120.0,90.0,19416,20820,17308
5.416667299927212,90.0,120.0,90.0,19417,20907,17311
5.500000500003807,90.0,60.0,90.0,19417,21016,17302
5.585033299983479,90.0,60.0,90.0,19411,21093,17319
5.666667599929497,90.0,60.0,90.0,19405,21007,17323
5.750000900006853,90.0,60.0,90.0,19406,20895,17319
5.833371399901807,90.0,60.0,90.0,19405,20826,17325
5.916666999924928,90.0,60.0,90.0,19403,20722,17331
6.000000200001523,90.0,60.0,90.0,19405,20635,17327
6.083333499962464,90.0,60.0,90.0,19405,20541,17323
6.1666668999241665,90.0,60.0,90.0,19400,20450,17326
6.25,90.0,60.0,90.0,19407,20360,17333
6.333334099967033,90.0,60.0,90.0,19405,20290,17340
6.416667299927212,90.0,60.0,90.0,19410,20224,17335
6.500000200001523,90.0,120.0,90.0,19399,20226,17343
6.583333499962464,90.0,120.0,90.0,19410,20204,17295
6.6666668999241665,90.0,120.0,90.0,19395,20222,17275
6.75,90.0,120.0,90.0,19412,20297,17288
6.833333499962464,90.0,120.0,90.0,19388,20319,17319
6.9166668999241665,90.0,120.0,90.0,19405,20285,17374
7.0,90.0,120.0,90.0,19414,20218,17377
7.0833333999617025,90.0,120.0,90.0,19398,20195,17303
7.166666799923405,90.0,120.0,90.0,19396,20223,17248
7.250014899997041,90.0,120.0,90.0,19393,20280,17281
7.3333333999617025,90.0,120.0,90.0,19404,20376,17306
7.416666699922644,90.0,120.0,90.0,19401,20456,17315
7.5,90.0,60.0,90.0,19404,20530,17299
7.58333389996551,90.0,60.0,90.0,19402,20611,17300
7.666666999924928,90.0,60.0,90.0,19403,20660,17327
7.750001100008376,90.0,60.0,90.0,19400,20588,17353
7.8333333999617025,90.0,60.0,90.0,19400,20511,17331
7.916666799923405,90.0,60.0,90.0,19401,20399,17317
8.000000300002284,90.0,60.0,90.0,19401,20330,17320
8.083333399961703,90.0,60.0,90.0,19394,20262,17340
8.166666999924928,90.0,60.0,90.0,19398,20218,17334
8.250013699987903,90.0,60.0,90.0,19406,20163,17338
8.333333699963987,90.0,60.0,90.0,19403,20137,17335
8.416666799923405,90.0,60.0,90.0,19412,20107,17338
8.500001000007614,90.0,120.0,90.0,19406,20097,17337
8.583334499970078,90.0,120.0,90.0,19416,20105,17345
8.666666799923405,90.0,120.0,90.0,19412,20129,17301
8.750000200001523,90.0,120.0,90.0,19403,20117,17283
8.833333599963225,90.0,120.0,90.0,19406,20138,17293
8.916666899924167,90.0,120.0,90.0,19409,20150,17305
9.000000200001523,90.0,120.0,90.0,19405,20181,17306
9.083333399961703,90.0,120.0,90.0,19415,20212,17287
9.166666899924167,90.0,120.0,90.0,19406,20282,17283
9.25,90.0,120.0,90.0,19417,20362,17284
9.333333699963987,90.0,120.0,90.0,19407,20452,17289
9.416666699922644,90.0,120.0,90.0,19405,20538,17288
9.5,90.0,60.0,90.0,19405,20646,17295
9.583333699963987,90.0,60.0,90.0,19414,20731,17288
9.666666799923405,90.0,60.0,90.0,19412,20787,17324
9.750000200001523,90.0,60.0,90.0,19414,20719,17334
9.833333399961703,90.0,60.0,90.0,19398,20632,17329
9.916666699922644,90.0,60.0,90.0,19405,20525,17306
10.000000300002284,90.0,60.0,90.0,19395,20432,17316
10.083333399961703,90.0,60.0,90.0,19394,20352,17323
10.166666799923405,90.0,60.0,90.0,19396,20278,17336
10.250000300002284,90.0,60.0,90.0,19402,20216,17325
10.333333399961703,90.0,60.0,90.0,19399,20160,17336
10.416666799923405,90.0,60.0,90.0,19403,20135,17329
10.500000300002284,90.0,120.0,90.0,19411,20106,17341
10.583333399961703,90.0,120.0,90.0,19413,20091,17329
10.666666799923405,90.0,120.0,90.0,19402,20070,17295
10.750000100000761,90.0,120.0,90.0,19401,20100,17269
10.833333399961703,90.0,120.0,90.0,19404,20121,17298
10.916666899924167,90.0,120.0,90.0,19400,20174,17301
11.0,90.0,120.0,90.0,19419,20209,17301
11.083333399961703,90.0,120.0,90.0,19410,20281,17282
11.166666999924928,90.0,120.0,90.0,19410,20353,17281
11.250000200001523,90.0,120.0,90.0,19407,20443,17277
11.333333699963987,90.0,120.0,90.0,19412,20540,17285
11.416666699922644,90.0,120.0,90.0,19410,20636,17280
11.500000200001523,90.0,60.0,90.0,19413,20708,17286
11.583333799964748,90.0,60.0,90.0,19402,20816,17284
11.666666999924928,90.0,60.0,90.0,19415,20865,17312
11.750000200001523,90.0,60.0,90.0,19410,20820,17333
11.833333499962464,90.0,60.0,90.0,19405,20709,17312
11.916666699922644,90.0,60.0,90.0,19406,20623,17298
12.000000300002284,90.0,60.0,90.0,19410,20511,17307
12.083333699963987,90.0,60.0,90.0,19399,20435,17325
12.166666699922644,90.0,60.0,90.0,19407,20346,17324
12.250000100000761,90.0,60.0,90.0,19393,20278,17326
12.333333399961703,90.0,60.0,90.0,19412,20199,17322
12.416666899924167,90.0,60.0,90.0,19407,20169,17332
12.500000100000761,90.0,120.0,90.0,19411,20124,17327
12.583333499962464,90.0,120.0,90.0,19408,20114,17332
12.666666699922644,90.0,120.0,90.0,19418,20095,17289
12.750000100000761,90.0,120.0,90.0,19404,20115,17281
12.833401799900457,90.0,120.0,90.0,19405,20149,17290
12.916666699922644,90.0,120.0,90.0,19412,20193,17310
13.000000200001523,90.0,120.0,90.0,19416,20256,17297
13.083333599963225,90.0,120.0,90.0,19401,20317,17290
13.166666799923405,90.0,120.0,90.0,19414,20415,17277
13.250000200001523,90.0,120.0,90.0,19406,20504,17289
13.333333399961703,90.0,120.0,90.0,19411,20610,17279
13.416666899924167,90.0,120.0,90.0,19408,20686,17283
13.500000200001523,90.0,60.0,90.0,19408,20776,17284
13.583333699963987,90.0,60.0,90.0,19403,20872,17287
13.666666799923405,90.0,60.0,90.0,19407,20947,17310
13.750000100000761,90.0,60.0,90.0,19403,20893,17332
13.833333399961703,90.0,60.0,90.0,19401,20784,17303
13.916667299927212,90.0,60.0,90.0,19402,20688,17305
14.000000200001523,90.0,60.0,90.0,19403,20599,17309
14.083333599963225,90.0,60.0,90.0,19404,20499,17321
14.166666799923405,90.0,60.0,90.0,19402,20418,17309
14.250000100000761,90.0,60.0,90.0,19405,20321,17321
14.33333389996551,90.0,60.0,90.0,19407,20265,17318
14.416666799923405,90.0,60.0,90.0,19411,20180,17330
14.500000100000761,90.0,120.0,90.0,19415,20172,17323
14.583333499962464,90.0,120.0,90.0,19410,20132,17327
14.666666799923405,90.0,120.0,90.0,19406,20128,17284
14.750000200001523,90.0,120.0,90.0,19412,20134,17264
14.833333599963225,90.0,120.0,90.0,19399,20176,17284
14.916666899924167,90.0,120.0,90.0,19411,20222,17294
15.0,90.0,120.0,90.0,19410,20294,17297
15.083333599963225,90.0,120.0,90.0,19415,20352,17280
15.166666699922644,90.0,120.0,90.0,19407,20453,17279
15.25,90.0,120.0,90.0,19412,20534,17275
15.333333599963225,90.0,120.0,90.0,19405,20642,17284
15.416666699922644,90.0,120.0,90.0,19414,20719,17280
15.5,90.0,60.0,90.0,19400,20802,17284
15.583333399961703,90.0,60.0,90.0,19409,20906,17274
15.666666699922644,90.0,60.0,90.0,19407,20969,17320
15.750000100000761,90.0,60.0,90.0,19414,20905,17310
15.833333599963225,90.0,60.0,90.0,19395,20796,17306
15.916666799923405,90.0,60.0,90.0,19401,20713,17307
16.000000300002284,90.0,60.0,90.0,19395,20613,17311
16.083333399961703,90.0,60.0,90.0,19405,20524,17306
16.166666799923405,90.0,60.0,90.0,19402,20442,17320
16.250000500003807,90.0,60.0,90.0,19401,20350,17315
16.333333499962464,90.0,60.0,90.0,19397,20274,17324
16.416666799923405,90.0,60.0,90.0,19403,20213,17320
16.500000200001523,90.0,120.0,90.0,19396,20182,17323
16.583333399961703,90.0,120.0,90.0,19408,20174,17321
16.66666709992569,90.0,120.0,90.0,19398,20142,17282
16.750001899898052,90.0,120.0,90.0,19395,20169,17263
16.833333399961703,90.0,120.0,90.0,19396,20204,17287
16.916666899924167,90.0,120.0,90.0,19405,20263,17290
17.000000200001523,90.0,120.0,90.0,19408,20315,17290
17.083333499962464,90.0,120.0,90.0,19402,20412,17274
17.166666799923405,90.0,120.0,90.0,19405,20487,17276
17.250000200001523,90.0,120.0,90.0,19408,20597,17273
17.333333499962464,90.0,120.0,90.0,19409,20681,17282
17.416666799923405,90.0,120.0,90.0,19405,20771,17275
17.50000010000076,90.0,60.0,90.0,19410,20837,17278
17.58333379996475,90.0,60.0,90.0,19400,20965,17274
17.666666699922644,90.0,60.0,90.0,19409,21019,17305
17.750000200001523,90.0,60.0,90.0,19398,20984,17310
17.833333399961703,90.0,60.0,90.0,19400,20851,17292
17.916666799923405,90.0,60.0,90.0,19393,20783,17297
18.0,90.0,60.0,90.0,19408,20679,17305
18.08333379996475,90.0,60.0,90.0,19395,20607,17309
18.166667399927974,90.0,60.0,90.0,19401,20499,17307
18.250017499900423,90.0,60.0,90.0,19392,20412,17311
18.333333699963987,90.0,60.0,90.0,19404,20324,17320
18.416666799923405,90.0,60.0,90.0,19396,20260,17320
18.500000500003807,90.0,120.0,90.0,19401,20222,17320
18.583333499962464,90.0,120.0,90.0,19395,20205,17327
18.666666699922644,90.0,120.0,90.0,19406,20188,17272
18.75,90.0,120.0,90.0,19394,20209,17266
18.833333399961703,90.0,120.0,90.0,19395,20251,17277
18.916666999924928,90.0,120.0,90.0,19391,20305,17301
19.000000200001523,90.0,120.0,90.0,19408,20370,17287
19.083333399961703,90.0,120.0,90.0,19403,20448,17285
19.166666699922644,90.0,120.0,90.0,19402,20541,17268
19.25,90.0,120.0,90.0,19395,20639,17277
19.333333599963225,90.0,120.0,90.0,19400,20735,17270
19.416666699922644,90.0,120.0,90.0,19396,20806,17276
19.500000200001523,90.0,60.0,90.0,19403,20900,17277
19.583333399961703,90.0,60.0,90.0,19404,21006,17275
19.666666699922644,90.0,60.0,90.0,19401,21076,17305
19.75000060000457,90.0,60.0,90.0,19401,21014,17310
19.833333499962464,90.0,60.0,90.0,19393,20899,17287
19.91666709992569,90.0,60.0,90.0,19395,20818,17291
20.00000010000076,90.0,60.0,90.0,19390,20735,17304
20.083333499962464,90.0,60.0,90.0,19393,20628,17309
20.166666799923405,90.0,60.0,90.0,19396,20544,17301
20.250000400003046,90.0,60.0,90.0,19400,20445,17309
20.333333399961703,90.0,60.0,90.0,19392,20384,17309
20.416667399927974,90.0,60.0,90.0,19399,20295,17320
20.50000010000076,90.0,120.0,90.0,19400,20250,17310
20.583333499962464,90.0,120.0,90.0,19397,20226,17317
20.666667599929497,90.0,120.0,90.0,19397,20217,17278
20.75,90.0,120.0,90.0,19397,20231,17258
20.833333399961703,90.0,120.0,90.0,19393,20284,17277
20.91666709992569,90.0,120.0,90.0,19402,20323,17293
21.000000300002284,90.0,120.0,90.0,19397,20405,17287
21.083333599963225,90.0,120.0,90.0,19409,20463,17281
21.166666799923405,90.0,120.0,90.0,19393,20566,17276
21.250000400003046,90.0,120.0,90.0,19404,20653,17272
21.333333599963225,90.0,120.0,90.0,19392,20756,17278
21.41666709992569,90.0,120.0,90.0,19406,20826,17275
21.500000200001523,90.0,60.0,90.0,19396,20925,17275
21.583333499962464,90.0,60.0,90.0,19405,21013,17275
21.666666799923405,90.0,60.0,90.0,19401,21088,17307
21.75,90.0,60.0,90.0,19401,21034,17304
21.833333499962464,90.0,60.0,90.0,19390,20920,17300
21.916666799923405,90.0,60.0,90.0,19395,20838,17293
22.00000010000076,90.0,60.0,90.0,19384,20738,17308
22.083333499962464,90.0,60.0,90.0,19395,20648,17304
22.166666799923405,90.0,60.0,90.0,19390,20558,17315
22.25000010000076,90.0,60.0,90.0,19393,20472,17308
22.333333499962464,90.0,60.0,90.0,19386,20384,17321
22.41666709992569,90.0,60.0,90.0,19396,20321,17314
22.5,90.0,120.0,90.0,19397,20281,17323
22.583333499962464,90.0,120.0,90.0,19402,20265,17315
22.666666699922644,90.0,120.0,90.0,19395,20236,17278
22.75000010000076,90.0,120.0,90.0,19386,20270,17253
22.833333599963225,90.0,120.0,90.0,19389,20298,17279
22.916666699922644,90.0,120.0,90.0,19401,20368,17288
23.000000300002284,90.0,120.0,90.0,19403,20420,17285
23.083333399961703,90.0,120.0,90.0,19399,20514,17270
23.166667499928735,90.0,120.0,90.0,19398,20592,17273
23.250000200001523,90.0,120.0,90.0,19399,20700,17265
23.333333499962464,90.0,120.0,90.0,19401,20787,17274
23.416666999924928,90.0,120.0,90.0,19400,20863,17270
23.5,90.0,60.0,90.0,19399,20944,17274
23.583333499962464,90.0,60.0,90.0,19398,21057,17271
23.666666899924167,90.0,60.0,90.0,19406,21110,17308
23.75,90.0,60.0,90.0,19401,21064,17306
23.833333399961703,90.0,60.0,90.0,19391,20928,17287
23.916666699922644,90.0,60.0,90.0,19394,20855,17296
24.000000300002284,90.0,60.0,90.0,19400,20762,17304
24.083333399961703,90.0,60.0,90.0,19391,20676,17309
24.166666699922644,90.0,60.0,90.0,19396,20575,17301
24.25000010000076,90.0,60.0,90.0,19387,20491,17312
24.33333389996551,90.0,60.0,90.0,19399,20399,17312
24.416666699922644,90.0,60.0,90.0,19394,20325,17318
24.500000300002284,90.0,120.0,90.0,19406,20297,17314
24.583333399961703,90.0,120.0,90.0,19397,20265,17320
24.666666899924167,90.0,120.0,90.0,19410,20252,17281
24.750000200001523,90.0,120.0,90.0,19392,20267,17263
24.833333599963225,90.0,120.0,90.0,19399,20295,17275
24.916666699922644,90.0,120.0,90.0,19394,20359,17303
25.0,90.0,120.0,90.0,19405,20426,17293
25.083333399961703,90.0,120.0,90.0,19394,20495,17284
25.166666699922644,90.0,120.0,90.0,19398,20589,17274
25.250014699995518,90.0,120.0,90.0,19395,20690,17274
25.333333499962464,90.0,120.0,90.0,19402,20785,17269
25.416666699922644,90.0,120.0,90.0,19395,20866,17275
25.500000200001523,90.0,60.0,90.0,19404,20961,17270
25.583333599963225,90.0,60.0,90.0,19402,21044,17277
25.666666699922644,90.0,60.0,90.0,19408,21118,17302
25.75000010000076,90.0,60.0,90.0,19399,21074,17310
25.833333699963987,90.0,60.0,90.0,19392,20958,17287
25.916666899924167,90.0,60.0,90.0,19387,20864,17293
26.000000400003046,90.0,60.0,90.0,19393,20772,17297
26.083333599963225,90.0,60.0,90.0,19400,20689,17309
26.166666799923405,90.0,60.0,90.0,19400,20605,17304
26.25,90.0,60.0,90.0,19400,20495,17306
26.333333399961703,90.0,60.0,90.0,19403,20414,17304
26.416666699922644,90.0,60.0,90.0,19406,20345,17319
26.500000500003807,90.0,120.0,90.0,19398,20299,17313
26.583333599963225,90.0,120.0,90.0,19411,20264,17319
26.666666999924928,90.0,120.0,90.0,19408,20258,17273
26.75000010000076,90.0,120.0,90.0,19404,20274,17259
26.833333599963225,90.0,120.0,90.0,19404,20322,17278
26.916666899924167,90.0,120.0,90.0,19410,20370,17296
27.0,90.0,120.0,90.0,19403,20447,17288
27.083333499962464,90.0,120.0,90.0,19409,20501,17276
27.16666719992645,90.0,120.0,90.0,19409,20608,17273
27.250000200001523,90.0,120.0,90.0,19414,20694,17272
27.333333599963225,90.0,120.0,90.0,19405,20798,17275
27.416666699922644,90.0,120.0,90.0,19419,20862,17273
27.500000500003807,90.0,60.0,90.0,19401,20951,17276
27.583333399961703,90.0,60.0,90.0,19407,21048,17279
27.66666709992569,90.0,60.0,90.0,19413,21119,17305
27.75000010000076,90.0,60.0,90.0,19409,21050,17298
27.833333499962464,90.0,60.0,90.0,19392,20943,17291
27.916666999924928,90.0,60.0,90.0,19399,20862,17292
28.0,90.0,60.0,90.0,19395,20770,17307
28.083333399961703,90.0,60.0,90.0,19404,20675,17305
28.166666699922644,90.0,60.0,90.0,19396,20573,17312
28.25,90.0,60.0,90.0,19404,20486,17303
28.333333599963225,90.0,60.0,90.0,19400,20405,17314
28.416666799923405,90.0,60.0,90.0,19403,20317,17310
28.500000200001523,90.0,120.0,90.0,19404,20266,17314
28.583333599963225,90.0,120.0,90.0,19416,20253,17317
28.666666899924167,90.0,120.0,90.0,19401,20233,17278
28.75000060000457,90.0,120.0,90.0,19403,20254,17256
28.833333599963225,90.0,120.0,90.0,19397,20289,17281
28.916666699922644,90.0,120.0,90.0,19402,20338,17286
29.00000010000076,90.0,120.0,90.0,19408,20404,17291
29.08333389996551,90.0,120.0,90.0,19408,20478,17270
29.166666799923405,90.0,120.0,90.0,19402,20559,17274
29.25,90.0,120.0,90.0,19409,20664,17269
29.333333699963987,90.0,120.0,90.0,19409,20755,17275
29.416666899924167,90.0,120.0,90.0,19404,20832,17271
29.500000400003046,90.0,60.0,90.0,19411,20913,17273
29.583333399961703,90.0,60.0,90.0,19406,21015,17271
29.666666699922644,90.0,60.0,90.0,19417,21066,17297
29.750000300002284,90.0,60.0,90.0,19408,21027,17306
29.833333599963225,90.0,60.0,90.0,19397,20895,17289
29.916666999924928,90.0,60.0,90.0,19401,20817,17294
30.000000500003807,90.0,60.0,90.0,19411,20710,17301
30.083333599963225,90.0,60.0,90.0,19403,20629,17307
30.166666899924167,90.0,60.0,90.0,19414,20521,17303
30.250000200001523,90.0,60.0,90.0,19403,20440,17305
30.333333399961703,90.0,60.0,90.0,19418,20350,17310
30.416666899924167,90.0,60.0,90.0,19401,20283,17319
30.500000200001523,90.0,120.0,90.0,19417,20239,17313
30.583333699963987,90.0,120.0,90.0,19412,20209,17324
30.666666899924167,90.0,120.0,90.0,19416,20189,17279
30.75000010000076,90.0,120.0,90.0,19401,20208,17261
30.833333499962464,90.0,120.0,90.0,19415,20248,17275
30.916666699922644,90.0,120.0,90.0,19405,20304,17295
31.000000200001523,90.0,120.0,90.0,19411,20363,17283
31.083333399961703,90.0,120.0,90.0,19406,20436,17283
31.166666699922644,90.0,120.0,90.0,19413,20523,17270
31.25,90.0,120.0,90.0,19411,20627,17274
31.33333389996551,90.0,120.0,90.0,19410,20712,17273
31.416666799923405,90.0,120.0,90.0,19403,20784,17275
31.5,90.0,60.0,90.0,19414,20877,17268
31.583333399961703,90.0,60.0,90.0,19404,20975,17279
31.666666799923405,90.0,60.0,90.0,19420,21035,17305
31.750000300002284,90.0,60.0,90.0,19411,20994,17304
31.833333399961703,90.0,60.0,90.0,19402,20876,17287
31.916666799923405,90.0,60.0,90.0,19400,20787,17297
32.00000060000457,90.0,60.0,90.0,19406,20701,17300
32.083333599963225,90.0,60.0,90.0,19403,20606,17312
32.16666689992417,90.0,60.0,90.0,19409,20496,17299
32.25000020000152,90.0,60.0,90.0,19406,20399,17307
32.333333599963225,90.0,60.0,90.0,19406,20343,17308
32.41666699992493,90.0,60.0,90.0,19414,20259,17315
32.500000300002284,90.0,120.0,90.0,19412,20208,17314
32.58333369996399,90.0,120.0,90.0,19412,20171,17315
32.666666699922644,90.0,120.0,90.0,19412,20171,17279
32.75000020000152,90.0,120.0,90.0,19410,20175,17255
32.833333599963225,90.0,120.0,90.0,19403,20226,17270
32.916666699922644,90.0,120.0,90.0,19416,20274,17288
33.0,90.0,120.0,90.0,19410,20350,17286
33.083333599963225,90.0,120.0,90.0,19420,20405,17279
33.166666699922644,90.0,120.0,90.0,19414,20501,17274
33.25,90.0,120.0,90.0,19419,20580,17268
33.333333599963225,90.0,120.0,90.0,19413,20686,17275
33.416666699922644,90.0,120.0,90.0,19412,20766,17276
33.50000719993841,90.0,60.0,90.0,19409,20852,17275
33.583333599963225,90.0,60.0,90.0,19417,20942,17272
33.66666709992569,90.0,60.0,90.0,19413,21010,17308
33.75004839990288,90.0,60.0,90.0,19412,20960,17308
33.833333499962464,90.0,60.0,90.0,19400,20842,17295
33.91667119995691,90.0,60.0,90.0,19407,20749,17293
34.0,90.0,60.0,90.0,19400,20660,17306
34.083333599963225,90.0,60.0,90.0,19407,20563,17303
34.166666699922644,90.0,60.0,90.0,19396,20467,17315
34.25,90.0,60.0,90.0,19408,20387,17305
34.333333599963225,90.0,60.0,90.0,19399,20302,17317
34.41666929994244,90.0,60.0,90.0,19411,20228,17313
34.5,90.0,120.0,90.0,19401,20199,17321
34.583333499962464,90.0,120.0,90.0,19413,20166,17313
34.666666699922644,90.0,120.0,90.0,19403,20150,17289
34.75000010000076,90.0,120.0,90.0,19408,20169,17256
34.833333499962464,90.0,120.0,90.0,19403,20206,17281
34.91666689992417,90.0,120.0,90.0,19412,20257,17288
35.0,90.0,120.0,90.0,19409,20325,17287
35.0833333999617,90.0,120.0,90.0,19414,20400,17273
35.16666689992417,90.0,120.0,90.0,19411,20481,17273
35.25,90.0,120.0,90.0,19405,20581,17270
35.333333499962464,90.0,120.0,90.0,19408,20675,17275
35.41666689992417,90.0,120.0,90.0,19408,20762,17265
35.50000050000381,90.0,60.0,90.0,19414,20833,17273
35.58333369996399,90.0,60.0,90.0,19409,20939,17269
35.666666799923405,90.0,60.0,90.0,19414,20999,17306
35.75,90.0,60.0,90.0,19411,20958,17307
35.8333333999617,90.0,60.0,90.0,19406,20836,17294
35.91666709992569,90.0,60.0,90.0,19393,20763,17292
36.000000300002284,90.0,60.0,90.0,19407,20666,17300
36.083333599963225,90.0,60.0,90.0,19405,20564,17306
36.16666709992569,90.0,60.0,90.0,19411,20481,17310
36.25000020000152,90.0,60.0,90.0,19406,20380,17306
36.33333369996399,90.0,60.0,90.0,19407,20297,17311
36.41666699992493,90.0,60.0,90.0,19396,20233,17316
36.50000020000152,90.0,120.0,90.0,19413,20186,17317
36.583333599963225,90.0,120.0,90.0,19408,20163,17321
36.66669109999202,90.0,120.0,90.0,19412,20145,17280
36.75000020000152,90.0,120.0,90.0,19399,20164,17262
36.8333333999617,90.0,120.0,90.0,19403,20209,17280
36.91666689992417,90.0,120.0,90.0,19402,20267,17294
37.0,90.0,120.0,90.0,19407,20327,17287
37.083333599963225,90.0,120.0,90.0,19404,20400,17282
37.16666729992721,90.0,120.0,90.0,19409,20487,17272
37.25,90.0,120.0,90.0,19402,20587,17276
37.333333499962464,90.0,120.0,90.0,19415,20690,17273
37.416666799923405,90.0,120.0,90.0,19401,20766,17279
37.50000010000076,90.0,60.0,90.0,19400,20852,17273
37.58333479997236,90.0,60.0,90.0,19401,20952,17277
37.666666699922644,90.0,60.0,90.0,19408,21009,17308
37.75,90.0,60.0,90.0,19408,20980,17308
37.8333333999617,90.0,60.0,90.0,19397,20862,17285
37.91666689992417,90.0,60.0,90.0,19387,20777,17298
38.00000020000152,90.0,60.0,90.0,19398,20686,17301
38.083333599963225,90.0,60.0,90.0,19394,20595,17309
38.16666699992493,90.0,60.0,90.0,19396,20513,17303
38.25000050000381,90.0,60.0,90.0,19398,20409,17308
38.3333333999617,90.0,60.0,90.0,19397,20338,17306
38.416666699922644,90.0,60.0,90.0,19400,20250,17314
38.50000010000076,90.0,120.0,90.0,19405,20215,17312
38.58333369996399,90.0,120.0,90.0,19409,20186,17320
38.666666799923405,90.0,120.0,90.0,19397,20174,17276
38.75000020000152,90.0,120.0,90.0,19399,20191,17261
38.83333379996475,90.0,120.0,90.0,19391,20231,17273
38.91666719992645,90.0,120.0,90.0,19400,20283,17291
39.0,90.0,120.0,90.0,19401,20358,17287
39.083333599963225,90.0,120.0,90.0,19415,20423,17277
39.16666689992417,90.0,120.0,90.0,19403,20519,17276
39.250000300002284,90.0,120.0,90.0,19405,20614,17271
39.333333499962464,90.0,120.0,90.0,19403,20711,17276
39.41666709992569,90.0,120.0,90.0,19404,20791,17274
39.5,90.0,60.0,90.0,19401,20883,17276
39.583333599963225,90.0,60.0,90.0,19406,20978,17277
39.66666689992417,90.0,60.0,90.0,19400,21056,17311
39.75,90.0,60.0,90.0,19413,21002,17306
39.8333333999617,90.0,60.0,90.0,19392,20892,17289
39.916666699922644,90.0,60.0,90.0,19389,20804,17290
40.0,90.0,60.0,90.0,19399,20724,17313
40.0833333999617,90.0,60.0,90.0,19396,20639,17305
40.16666699992493,90.0,60.0,90.0,19392,20537,17313
40.25000010000076,90.0,60.0,90.0,19397,20451,17309
40.33333439996932,90.0,60.0,90.0,19386,20358,17315
40.41666699992493,90.0,60.0,90.0,19405,20303,17311
40.5,90.0,120.0,90.0,19395,20237,17323
40.583333499962464,90.0,120.0,90.0,19399,20224,17319
40.66666699992493,90.0,120.0,90.0,19392,20207,17285
40.75,90.0,120.0,90.0,19394,20233,17255
40.833333599963225,90.0,120.0,90.0,19388,20272,17281
40.916666799923405,90.0,120.0,90.0,19398,20327,17288
41.00035069999285,90.0,90.0,90.0,19395,20406,17292
41.083333499962464,90.0,90.0,90.0,19395,20475,17269
41.166666699922644,90.0,90.0,90.0,19398,20530,17293
41.25000020000152,90.0,90.0,90.0,19396,20532,17295
41.333333499962464,90.0,90.0,90.0,19390,20524,17291
41.416666699922644,90.0,90.0,90.0,19387,20521,17273
41.50000010000076,90.0,90.0,90.0,19391,20515,17285
41.583333599963225,90.0,90.0,90.0,19393,20531,17290
